<?xml version="1.0" encoding="utf-8"?>
<graph class="Layout" type="Layout">
	<object cls="Window" clsid="0x4ec1b8d8" id="0x7085840b">
		<prop name="WindowFlags" propid="0xeec1b000" type="uint32" value="0x00006003" />
		<prop name="ControlID" propid="0xeec1b001" type="uint32" value="0x7085840b" />
		<prop name="CommandID" propid="0xeec1b002" type="uint32" value="0" />
		<prop name="Area" propid="0xeec1b005" type="rectf" value="0,0,198,64" />
		<prop name="FillColor" propid="0xeec1b006" type="uint32" value="0x00000000" />
		<prop name="Children" propid="0xeec1b00b" type="object" count="4">
			<object cls="Button" clsid="0xeeefe2c3">
				<prop name="WindowFlags" propid="0xeec1b000" type="uint32" value="0x0000200b" />
				<prop name="ControlID" propid="0xeec1b001" type="uint32" value="0x00000004" />
				<prop name="CommandID" propid="0xeec1b002" type="uint32" value="0" />
				<prop name="Area" propid="0xeec1b005" type="rectf" value="-12,-22,12,22" />
				<prop name="FillColor" propid="0xeec1b006" type="uint32" value="0x00000000" />
				<prop name="ShadeColor" propid="0xeec1b004" type="uint32" value="0xffffffff" />
				<prop name="TextFont" propid="0xeec1b00e" type="uint32" value="0" />
				<prop name="SoundGroup" propid="0xeec1b010" type="uint32" value="1" />
				<prop name="ButtonFlags" propid="0xeec1d002" type="uint32" value="0x00000000" />
				<prop name="ButtonStateFlags" propid="0xeec1d001" type="uint32" value="0x00000000" />
				<prop name="ButtonDrawable" propid="0xeec1b007" type="object">
					<object cls="StdDrawable" clsid="0xb03c196f">
						<prop name="Image" propid="0x0f3ac75e" type="image" count="8">
							<value type="image" key="2f7d0004:00000000:fcb9881f99e3fc9e" />
							<value type="image" key="" />
							<value type="image" key="" />
							<value type="image" key="" />
							<value type="image" key="" />
							<value type="image" key="" />
							<value type="image" key="" />
							<value type="image" key="" />
						</prop>
						<prop name="DrawMask" propid="0x0f3c000f" type="image" count="8">
							<value type="image" key="" />
							<value type="image" key="" />
							<value type="image" key="" />
							<value type="image" key="" />
							<value type="image" key="" />
							<value type="image" key="" />
							<value type="image" key="" />
							<value type="image" key="" />
						</prop>
						<prop name="HitMask" propid="0x0f3c000d" type="hitmask" key="2f7d0004:00000000:bf9a1cd90f29e360" />
						<prop name="ScaleType" propid="0xef3c000a" type="uint32" value="2" />
						<prop name="ScaleFactor" propid="0xef3c000b" type="pointf" value="1,1" />
						<prop name="ScaleArea" propid="0xef3c000c" type="struct">
							<struct cls="Borders" clsid="Borders">
								<prop name="Left" propid="1" type="float" value="0.333333343" />
								<prop name="Top" propid="2" type="float" value="0.333333343" />
								<prop name="Right" propid="3" type="float" value="0.333333343" />
								<prop name="Bottom" propid="4" type="float" value="0.333333343" />
							</struct>
						</prop>
						<prop name="GlowType" propid="0x0f3c0010" type="uint32" value="2" />
						<prop name="GlowMask" propid="0x0f3c0011" type="image" key="2f7d0004:00000000:a6da453db8215959" />
						<prop name="GlowScale" propid="0x0f3c0012" type="pointf" value="1,1" />
						<prop name="GlowColor" propid="0x0f3c0013" type="uint32" value="0xff404040" />
					</object>
				</prop>
				<prop name="Alignment" propid="0xeec1d004" type="uint32" value="1" />
				<prop name="CaptionBorder" propid="0xeec1d006" type="struct">
					<struct cls="Borders" clsid="Borders">
						<prop name="Left" propid="1" type="float" value="1" />
						<prop name="Top" propid="2" type="float" value="1" />
						<prop name="Right" propid="3" type="float" value="1" />
						<prop name="Bottom" propid="4" type="float" value="1" />
					</struct>
				</prop>
				<prop name="CaptionOffset" propid="0xeec1d00a" type="pointf" value="1,1" />
				<prop name="CaptionColors" propid="0xeec1d00b" type="uint32" count="8">
					<value>0xff000000</value>
					<value>0xff000000</value>
					<value>0xff000000</value>
					<value>0xff000000</value>
					<value>0xff000000</value>
					<value>0xff000000</value>
					<value>0xff000000</value>
					<value>0xff000000</value>
				</prop>
				<prop name="CaptionHAlign" propid="0xeec1d00c" type="uint32" value="1" />
				<prop name="CaptionVAlign" propid="0xeec1d00d" type="uint32" value="1" />
				<prop name="CaptionWrap" propid="0xeec1d00e" type="uint32" value="0" />
				<prop name="CaptionOverflow" propid="0xeec1d00f" type="uint32" value="3" />
				<prop name="ButtonType" propid="0xeec1d003" type="uint32" value="1" />
				<prop name="ButtonGroupID" propid="0xeec1d005" type="uint32" value="1" />
			</object>

			<object cls="Button" clsid="0xeeefe2c3">
				<prop name="WindowFlags" propid="0xeec1b000" type="uint32" value="0x00002009" />
				<prop name="ControlID" propid="0xeec1b001" type="uint32" value="0x00000005" />
				<prop name="CommandID" propid="0xeec1b002" type="uint32" value="0" />
				<prop name="Area" propid="0xeec1b005" type="rectf" value="0,0,120,25" />
				<prop name="FillColor" propid="0xeec1b006" type="uint32" value="0x00000000" />
				<prop name="ShadeColor" propid="0xeec1b004" type="uint32" value="0xffffffff" />
				<prop name="TextFont" propid="0xeec1b00e" type="uint32" value="0" />
				<prop name="SoundGroup" propid="0xeec1b010" type="uint32" value="1" />
				<prop name="ButtonFlags" propid="0xeec1d002" type="uint32" value="0x00000000" />
				<prop name="ButtonStateFlags" propid="0xeec1d001" type="uint32" value="0x00000000" />
				<prop name="ButtonDrawable" propid="0xeec1b007" type="object">
					<object cls="StdDrawable" clsid="0xb03c196f">
						<prop name="Image" propid="0x0f3ac75e" type="image" count="8">
							<value type="image" key="2f7d0004:00000000:68e2e0df69f68169" />
							<value type="image" key="" />
							<value type="image" key="" />
							<value type="image" key="" />
							<value type="image" key="" />
							<value type="image" key="" />
							<value type="image" key="" />
							<value type="image" key="" />
						</prop>
						<prop name="DrawMask" propid="0x0f3c000f" type="image" count="8">
							<value type="image" key="" />
							<value type="image" key="" />
							<value type="image" key="" />
							<value type="image" key="" />
							<value type="image" key="" />
							<value type="image" key="" />
							<value type="image" key="" />
							<value type="image" key="" />
						</prop>
						<prop name="HitMask" propid="0x0f3c000d" type="hitmask" />
						<prop name="ScaleType" propid="0xef3c000a" type="uint32" value="1" />
						<prop name="ScaleFactor" propid="0xef3c000b" type="pointf" value="1,1" />
						<prop name="ScaleArea" propid="0xef3c000c" type="struct">
							<struct cls="Borders" clsid="Borders">
								<prop name="Left" propid="1" type="float" value="0.333333343" />
								<prop name="Top" propid="2" type="float" value="0.333333343" />
								<prop name="Right" propid="3" type="float" value="0.333333343" />
								<prop name="Bottom" propid="4" type="float" value="0.333333343" />
							</struct>
						</prop>
						<prop name="GlowType" propid="0x0f3c0010" type="uint32" value="2" />
						<prop name="GlowScale" propid="0x0f3c0012" type="pointf" value="1.33333,1.33333" />
						<prop name="GlowColor" propid="0x0f3c0013" type="uint32" value="0xffffffff" />
					</object>
				</prop>
				<prop name="Alignment" propid="0xeec1d004" type="uint32" value="1" />
				<prop name="CaptionBorder" propid="0xeec1d006" type="struct">
					<struct cls="Borders" clsid="Borders">
						<prop name="Left" propid="1" type="float" value="1" />
						<prop name="Top" propid="2" type="float" value="1" />
						<prop name="Right" propid="3" type="float" value="1" />
						<prop name="Bottom" propid="4" type="float" value="1" />
					</struct>
				</prop>
				<prop name="CaptionOffset" propid="0xeec1d00a" type="pointf" value="1,1" />
				<prop name="CaptionColors" propid="0xeec1d00b" type="uint32" count="8">
					<value>0xff000000</value>
					<value>0xff000000</value>
					<value>0xff000000</value>
					<value>0xff000000</value>
					<value>0xff000000</value>
					<value>0xff000000</value>
					<value>0xff000000</value>
					<value>0xff000000</value>
				</prop>
				<prop name="CaptionHAlign" propid="0xeec1d00c" type="uint32" value="1" />
				<prop name="CaptionVAlign" propid="0xeec1d00d" type="uint32" value="1" />
				<prop name="CaptionWrap" propid="0xeec1d00e" type="uint32" value="0" />
				<prop name="CaptionOverflow" propid="0xeec1d00f" type="uint32" value="3" />
				<prop name="ButtonType" propid="0xeec1d003" type="uint32" value="1" />
				<prop name="ButtonGroupID" propid="0xeec1d005" type="uint32" value="1" />
			</object>

			<object cls="Button" clsid="0xeeefe2c3">
				<prop name="WindowFlags" propid="0xeec1b000" type="uint32" value="0x0000200b" />
				<prop name="ControlID" propid="0xeec1b001" type="uint32" value="0x00000006" />
				<prop name="CommandID" propid="0xeec1b002" type="uint32" value="0" />
				<prop name="Area" propid="0xeec1b005" type="rectf" value="-12,-22,12,22" />
				<prop name="FillColor" propid="0xeec1b006" type="uint32" value="0x00000000" />
				<prop name="ShadeColor" propid="0xeec1b004" type="uint32" value="0xffffffff" />
				<prop name="TextFont" propid="0xeec1b00e" type="uint32" value="0" />
				<prop name="SoundGroup" propid="0xeec1b010" type="uint32" value="1" />
				<prop name="ButtonFlags" propid="0xeec1d002" type="uint32" value="0x00000000" />
				<prop name="ButtonStateFlags" propid="0xeec1d001" type="uint32" value="0x00000000" />
				<prop name="ButtonDrawable" propid="0xeec1b007" type="object">
					<object cls="ImageDrawable" clsid="0xcf3c4eae">
						<prop name="Image" propid="0x4f3c4a26" type="image" key="2f7d0004:00000000:bf9a1cd90f29e360" />
						<prop name="AlignmentHorizontal" propid="0x4f3c4a29" type="uint32" value="3" />
						<prop name="AlignmentVertical" propid="0x4f3c4a28" type="uint32" value="3" />
						<prop name="ImageDrawableFlags" propid="0x4f3c4a27" type="uint32" value="0x00000000" />
						<prop name="Tiling" propid="0x4f3c4a2a" type="uint32" value="0" />
						<prop name="Scale" propid="0x4f3c4a2b" type="float" value="1" />
					</object>
				</prop>
				<prop name="Alignment" propid="0xeec1d004" type="uint32" value="1" />
				<prop name="CaptionBorder" propid="0xeec1d006" type="struct">
					<struct cls="Borders" clsid="Borders">
						<prop name="Left" propid="1" type="float" value="1" />
						<prop name="Top" propid="2" type="float" value="1" />
						<prop name="Right" propid="3" type="float" value="1" />
						<prop name="Bottom" propid="4" type="float" value="1" />
					</struct>
				</prop>
				<prop name="CaptionOffset" propid="0xeec1d00a" type="pointf" value="1,1" />
				<prop name="CaptionColors" propid="0xeec1d00b" type="uint32" count="8">
					<value>0xff000000</value>
					<value>0xff000000</value>
					<value>0xff000000</value>
					<value>0xff000000</value>
					<value>0xff000000</value>
					<value>0xff000000</value>
					<value>0xff000000</value>
					<value>0xff000000</value>
				</prop>
				<prop name="CaptionHAlign" propid="0xeec1d00c" type="uint32" value="1" />
				<prop name="CaptionVAlign" propid="0xeec1d00d" type="uint32" value="1" />
				<prop name="CaptionWrap" propid="0xeec1d00e" type="uint32" value="0" />
				<prop name="CaptionOverflow" propid="0xeec1d00f" type="uint32" value="3" />
				<prop name="ButtonType" propid="0xeec1d003" type="uint32" value="1" />
				<prop name="ButtonGroupID" propid="0xeec1d005" type="uint32" value="1" />
			</object>

			<object cls="Button" clsid="0xeeefe2c3">
				<prop name="WindowFlags" propid="0xeec1b000" type="uint32" value="0x00002009" />
				<prop name="ControlID" propid="0xeec1b001" type="uint32" value="0x00000007" />
				<prop name="CommandID" propid="0xeec1b002" type="uint32" value="0" />
				<prop name="Area" propid="0xeec1b005" type="rectf" value="0,0,120,25" />
				<prop name="FillColor" propid="0xeec1b006" type="uint32" value="0x00000000" />
				<prop name="ShadeColor" propid="0xeec1b004" type="uint32" value="0xffffffff" />
				<prop name="TextFont" propid="0xeec1b00e" type="uint32" value="0" />
				<prop name="SoundGroup" propid="0xeec1b010" type="uint32" value="1" />
				<prop name="ButtonFlags" propid="0xeec1d002" type="uint32" value="0x00000000" />
				<prop name="ButtonStateFlags" propid="0xeec1d001" type="uint32" value="0x00000000" />
				<prop name="ButtonDrawable" propid="0xeec1b007" type="object">
					<object cls="ImageDrawable" clsid="0xcf3c4eae">
						<prop name="Image" propid="0x4f3c4a26" type="image" key="2f7d0004:00000000:68e2e0df69f68169" />
						<prop name="AlignmentHorizontal" propid="0x4f3c4a29" type="uint32" value="3" />
						<prop name="AlignmentVertical" propid="0x4f3c4a28" type="uint32" value="3" />
						<prop name="ImageDrawableFlags" propid="0x4f3c4a27" type="uint32" value="0x00000000" />
						<prop name="Tiling" propid="0x4f3c4a2a" type="uint32" value="0" />
						<prop name="Scale" propid="0x4f3c4a2b" type="float" value="1" />
					</object>
				</prop>
				<prop name="Alignment" propid="0xeec1d004" type="uint32" value="1" />
				<prop name="CaptionBorder" propid="0xeec1d006" type="struct">
					<struct cls="Borders" clsid="Borders">
						<prop name="Left" propid="1" type="float" value="1" />
						<prop name="Top" propid="2" type="float" value="1" />
						<prop name="Right" propid="3" type="float" value="1" />
						<prop name="Bottom" propid="4" type="float" value="1" />
					</struct>
				</prop>
				<prop name="CaptionOffset" propid="0xeec1d00a" type="pointf" value="1,1" />
				<prop name="CaptionColors" propid="0xeec1d00b" type="uint32" count="8">
					<value>0xff000000</value>
					<value>0xff000000</value>
					<value>0xff000000</value>
					<value>0xff000000</value>
					<value>0xff000000</value>
					<value>0xff000000</value>
					<value>0xff000000</value>
					<value>0xff000000</value>
				</prop>
				<prop name="CaptionHAlign" propid="0xeec1d00c" type="uint32" value="1" />
				<prop name="CaptionVAlign" propid="0xeec1d00d" type="uint32" value="1" />
				<prop name="CaptionWrap" propid="0xeec1d00e" type="uint32" value="0" />
				<prop name="CaptionOverflow" propid="0xeec1d00f" type="uint32" value="3" />
				<prop name="ButtonType" propid="0xeec1d003" type="uint32" value="1" />
				<prop name="ButtonGroupID" propid="0xeec1d005" type="uint32" value="1" />
			</object>
		</prop>
	</object>
</graph>

